Codigo RFID,Nome,Tipo
071D14F5,enfermeiro1,enfermeiro
0837FF89,enfermeiro2,enfermeiro
09124BBF,enfermeiro3,enfermeiro
05BA911F,enfermeiro4,enfermeiro
07E7BF40,enfermeiro5,enfermeiro
054F2100,enfermeiro6,enfermeiro
0139A570,enfermeiro7,enfermeiro
0F45816D,enfermeiro8,enfermeiro
0B74A5DD,enfermeiro9,enfermeiro
0C8C202E,enfermeiro10,enfermeiro
04B56F18,enfermeiro11,enfermeiro
0D1F2FC9,enfermeiro12,enfermeiro
09652FE2,enfermeiro13,enfermeiro
020CA76B,enfermeiro14,enfermeiro
0DDA1E8E,enfermeiro15,enfermeiro
00AB2EAB,enfermeiro16,enfermeiro
0FBDE3FC,enfermeiro17,enfermeiro
0F401D1B,enfermeiro18,enfermeiro
0DC30CC9,enfermeiro19,enfermeiro
09814D4B,enfermeiro20,enfermeiro
0F10D2FC,enfermeiro21,enfermeiro
082ABF4C,enfermeiro22,enfermeiro
0AE62ACF,enfermeiro23,enfermeiro
0E9945B8,enfermeiro24,enfermeiro
0D63A398,enfermeiro25,enfermeiro
0AFB731E,enfermeiro26,enfermeiro
0DF1B653,enfermeiro27,enfermeiro
0C48146C,enfermeiro28,enfermeiro
0A963C90,enfermeiro29,enfermeiro
0B9CD9E8,enfermeiro30,enfermeiro
0627AE77,enfermeiro31,enfermeiro
024E847F,enfermeiro32,enfermeiro
05AA88DB,enfermeiro33,enfermeiro
0B634DA6,enfermeiro34,enfermeiro
02F07A6A,enfermeiro35,enfermeiro
072DF255,enfermeiro36,enfermeiro
0F1F393D,enfermeiro37,enfermeiro
0250CD14,enfermeiro38,enfermeiro
0B2D1D67,enfermeiro39,enfermeiro
089BE210,enfermeiro40,enfermeiro
0A3CCC5E,enfermeiro41,enfermeiro
07E9E6F3,enfermeiro42,enfermeiro
06590671,enfermeiro43,enfermeiro
01FBD2A9,enfermeiro44,enfermeiro
08566B2A,enfermeiro45,enfermeiro
0AD35C55,enfermeiro46,enfermeiro
08E4196C,enfermeiro47,enfermeiro
04DEF7B0,enfermeiro48,enfermeiro
0DE7654E,enfermeiro49,enfermeiro
0F8E386C,enfermeiro50,enfermeiro
037FC1BC,enfermeiro51,enfermeiro
0028D141,enfermeiro52,enfermeiro
081244C3,enfermeiro53,enfermeiro
0A580C1B,enfermeiro54,enfermeiro
0B21F8C3,enfermeiro55,enfermeiro
01EAC7E9,enfermeiro56,enfermeiro
0354813D,enfermeiro57,enfermeiro
0ED2A5D0,enfermeiro58,enfermeiro
00862CC3,enfermeiro59,enfermeiro
06379467,enfermeiro60,enfermeiro
00F53DC0,enfermeiro61,enfermeiro
06800684,enfermeiro62,enfermeiro
0B2843FA,enfermeiro63,enfermeiro
01C870D3,enfermeiro64,enfermeiro
0D658646,enfermeiro65,enfermeiro
064A4D70,enfermeiro66,enfermeiro
0F5AD157,enfermeiro67,enfermeiro
0B94A6E4,enfermeiro68,enfermeiro
0BF5E3DE,enfermeiro69,enfermeiro
050AC0FB,enfermeiro70,enfermeiro
15F5DB24,tecnico1,tecnico
1ABE07C6,tecnico2,tecnico
1DA3E0B8,tecnico3,tecnico
12A32098,tecnico4,tecnico
126BC475,tecnico5,tecnico
14762A70,tecnico6,tecnico
1530EA70,tecnico7,tecnico
16A0581F,tecnico8,tecnico
157DE325,tecnico9,tecnico
1B6561B4,tecnico10,tecnico
1B2B8399,tecnico11,tecnico
118DE055,tecnico12,tecnico
1D42551C,tecnico13,tecnico
1C3BD8DC,tecnico14,tecnico
1E5C9D3F,tecnico15,tecnico
1DFFAAC1,tecnico16,tecnico
1742C489,tecnico17,tecnico
13332B9E,tecnico18,tecnico
14ADF376,tecnico19,tecnico
11752547,tecnico20,tecnico
1412A5B0,tecnico21,tecnico
110D1808,tecnico22,tecnico
1F329E1B,tecnico23,tecnico
1D5811EA,tecnico24,tecnico
11E3BC52,tecnico25,tecnico
1E858EA8,tecnico26,tecnico
1DE330F5,tecnico27,tecnico
122BD2C1,tecnico28,tecnico
18FF366F,tecnico29,tecnico
1DF1C1D3,tecnico30,tecnico
1C51583C,tecnico31,tecnico
115D341A,tecnico32,tecnico
1C58A281,tecnico33,tecnico
1270D63B,tecnico34,tecnico
152DF89C,tecnico35,tecnico
1B3465ED,tecnico36,tecnico
1E268B5C,tecnico37,tecnico
1288DA61,tecnico38,tecnico
11C485D8,tecnico39,tecnico
1C314336,tecnico40,tecnico
173BD5D5,tecnico41,tecnico
1AD2B579,tecnico42,tecnico
1817B231,tecnico43,tecnico
13990DD3,tecnico44,tecnico
1134F42E,tecnico45,tecnico
120F5B48,tecnico46,tecnico
15533909,tecnico47,tecnico
15445E10,tecnico48,tecnico
1C04EB3F,tecnico49,tecnico
15D06689,tecnico50,tecnico
1079DC59,tecnico51,tecnico
19AD6168,tecnico52,tecnico
18FE9F4C,tecnico53,tecnico
16756998,tecnico54,tecnico
18B2F401,tecnico55,tecnico
1B203A2F,tecnico56,tecnico
19119279,tecnico57,tecnico
1976B943,tecnico58,tecnico
16B6EC05,tecnico59,tecnico
1C86E09D,tecnico60,tecnico
1BF11B93,tecnico61,tecnico
1FB3B885,tecnico62,tecnico
1BA1855A,tecnico63,tecnico
1EE9B5E4,tecnico64,tecnico
171FEE3B,tecnico65,tecnico
10DAC07F,tecnico66,tecnico
1A4F0113,tecnico67,tecnico
1945EF64,tecnico68,tecnico
1E1EEA42,tecnico69,tecnico
1EA519BA,tecnico70,tecnico
123101F2,tecnico71,tecnico
189826A5,tecnico72,tecnico
1E05DD6C,tecnico73,tecnico
1F7B689D,tecnico74,tecnico
1EE2C8D4,tecnico75,tecnico
176566E1,tecnico76,tecnico
135E5B9B,tecnico77,tecnico
1F477DC8,tecnico78,tecnico
1052C323,tecnico79,tecnico
160CCF28,tecnico80,tecnico
1C6EF4B3,tecnico81,tecnico
1D26F606,tecnico82,tecnico
13E44206,tecnico83,tecnico
140DA7BF,tecnico84,tecnico
138E89D4,tecnico85,tecnico
11BF4155,tecnico86,tecnico
1C21EE90,tecnico87,tecnico
1C8E0354,tecnico88,tecnico
18943555,tecnico89,tecnico
10318F0D,tecnico90,tecnico
1171B02C,tecnico91,tecnico
1A45F715,tecnico92,tecnico
1B44AFCE,tecnico93,tecnico
1EB962D9,tecnico94,tecnico
122AC2CB,tecnico95,tecnico
1A08C058,tecnico96,tecnico
12A37875,tecnico97,tecnico
151C2FEE,tecnico98,tecnico
1BFC89ED,tecnico99,tecnico
1599936E,tecnico100,tecnico
